,ID,LATITUD,LONGITUD,EQUIPAMIENTO
0,2149,40.36264285659688,-3.5981484314802064,"['Baloncesto', 'Fútbol', 'Fútbol sala']"
1,2150,40.36751469466709,-3.588264644913803,"['Baloncesto', 'Balonmano', 'Fútbol', 'Fútbol sala']"
2,2151,40.36861899124304,-3.618356801446381,"['Baloncesto', 'Fútbol']"
3,2201,40.37029726652408,-3.6120673755658,"['Baloncesto', 'Fútbol', 'Fútbol sala', 'Voleibol']"
4,2201,40.37029726652408,-3.6120673755658,"['Baloncesto', 'Fútbol']"
5,2153,40.40126476374574,-3.670479840720475,['Patinaje']
6,2202,40.37581378381724,-3.617327043456161,['Fútbol']
7,2203,40.3728517892704,-3.626705109538528,[]
8,2204,40.38154336396018,-3.610581791001682,"['Baloncesto', 'Balonmano', 'Fútbol', 'Fútbol sala']"
9,2205,40.36302244550467,-3.585074019427532,"['Baloncesto', 'Fútbol']"
10,2154,40.43386078113328,-3.710817294009322,[]
11,2214,40.43935627177327,-3.704371546221416,['Hockey']
12,2207,40.383448627578446,-3.6148637823176353,['Fútbol']
13,2208,40.37850528372228,-3.6160557738839376,['Fútbol']
14,2209,40.38626820789469,-3.608600721310189,['Baloncesto']
15,2210,40.37009915307182,-3.6134620847270176,"['Baloncesto', 'Calistenia', 'Patinaje']"
16,2224,40.37949103344629,-3.615099935376509,"['Fútbol', 'Fútbol sala']"
17,2842,40.38131130575197,-3.608459149580722,[]
18,2219,40.37277996162931,-3.6253783281885656,"['Baloncesto', 'Fútbol', 'Fútbol sala']"
19,2214,40.43935627177327,-3.704371546221416,['Baloncesto']
20,2215,40.37710310380217,-3.618506339132532,"['Baloncesto', 'Fútbol', 'Fútbol sala']"
21,2216,40.38008195615357,-3.608267379645755,"['Fútbol', 'Fútbol sala']"
22,2218,40.37533906377627,-3.604183911642277,"['Baloncesto', 'Balonmano', 'Fútbol', 'Fútbol sala']"
23,2219,40.37277996162931,-3.6253783281885656,['Patinaje']
24,2220,40.37912373319082,-3.602985128269273,['Baloncesto']
25,2221,40.38324470241852,-3.6091362899378696,['Baloncesto']
26,2155,40.37930773206432,-3.603034130954479,['Baloncesto']
27,2222,40.37678620920142,-3.608936762154641,[]
28,2223,40.38004993117393,-3.6015066796262865,['Fútbol']
29,2224,40.37949103344629,-3.615099935376509,[]
30,2218,40.37533906377627,-3.604183911642277,"['Baloncesto', 'Fútbol']"
31,2225,40.37480368698169,-3.734643175737238,['Fútbol']
32,2226,40.47180614693975,-3.597137551746909,['Patinaje']
33,2227,40.451251451000815,-3.590562683954837,['Baloncesto']
34,2228,40.472046513237736,-3.5847993053542355,"['Baloncesto', 'Fútbol', 'Fútbol sala', 'Petanca']"
35,2229,40.36818417178253,-3.702392476781408,['Balonmano']
36,2230,40.430241502639134,-3.619981910665231,[]
37,2232,40.46295611393323,-3.716129120337457,['Baloncesto']
38,2233,40.365063948772985,-3.695446430865286,[]
39,2852,40.45990434942118,-3.669142805075655,"['Baloncesto', 'Bolos', 'Patinaje', 'Petanca']"
40,2235,40.47351067334567,-3.585649589064375,"['Baloncesto', 'Fútbol']"
41,2236,40.47947157886463,-3.661361646257895,['Baloncesto']
42,2237,40.3761084833036,-3.74193729795335,[]
43,2238,40.41909002674735,-3.62966306755892,['Fútbol']
44,2239,40.425607242600144,-3.625668584140304,"['Baloncesto', 'Fútbol', 'Fútbol sala', 'Petanca']"
45,2240,40.356238545684384,-3.6827549805431934,['Baloncesto']
46,2241,40.49087287315406,-3.686558097086394,"['Fútbol', 'Patinaje']"
47,2242,40.374404666864585,-3.668237382541929,"['Fútbol', 'Fútbol sala']"
48,2244,40.403438145048085,-3.640076254498283,"['Baloncesto', 'Fútbol', 'Fútbol sala']"
49,2245,40.43121588404326,-3.7336179867525616,['Baloncesto']
50,2246,40.46606393146319,-3.71907563377333,['Baloncesto']
51,2247,40.43075144945157,-3.6596933792999033,"['Baloncesto', 'Fútbol', 'Fútbol sala']"
52,2248,40.443627672731296,-3.576711464888384,"['Baloncesto', 'Fútbol', 'Fútbol sala', 'Tenis']"
53,2249,40.42425405686439,-3.615942488088141,"['Baloncesto', 'Patinaje', 'Voleibol']"
54,2250,40.46888551843247,-3.6390339556431934,"['Bolos', 'Petanca']"
55,2251,40.40011363617556,-3.708097745547213,['Fútbol']
56,2888,40.39998426244181,-3.7486569900905633,['Fútbol']
57,2855,40.425090271008656,-3.642721665241288,"['Baloncesto', 'Fútbol', 'Fútbol sala']"
58,2295,40.41206030334087,-3.651284078326445,['Baloncesto']
59,2255,40.39571737351038,-3.636809858433754,"['Fútbol', 'Fútbol sala']"
60,2156,40.42248384692211,-3.64868008730734,"['Baloncesto', 'Fútbol', 'Fútbol sala']"
61,2256,40.38849471888208,-3.717872942583152,[]
62,2257,40.4584136629216,-3.667177015228611,['Fútbol']
63,2258,40.44549718316204,-3.677183546596661,['Baloncesto']
64,2259,40.40142760716397,-3.6370875655785446,"['Fútbol', 'Fútbol sala', 'Tenis', 'Tenis de mesa']"
65,2260,40.40799695992161,-3.6624292972075247,"['Baloncesto', 'Patinaje']"
66,2261,40.47176777610935,-3.655234408097839,"['Tenis', 'Tenis de mesa']"
67,2262,40.45732746079714,-3.693648871749584,['Fútbol']
68,2263,40.46980031598844,-3.6352736110765855,['Baloncesto']
69,2264,40.476321176468005,-3.6624133831469945,['Calistenia']
70,2265,40.47743047451657,-3.663819108324953,"['Baloncesto', 'Fútbol', 'Patinaje', 'Voleibol']"
71,2266,40.46527791543298,-3.594188775058509,"['Fútbol', 'Fútbol sala']"
72,2267,40.42677040240585,-3.699382450864087,[]
73,2268,40.480800850285206,-3.659267661643925,['Fútbol']
74,2269,40.40397057983696,-3.738177408397536,['Fútbol']
75,2270,40.40272360732888,-3.634047589018456,['Baloncesto']
76,2271,40.48002694808795,-3.6322988549742967,[]
77,2272,40.479310091721416,-3.631576231392676,['Fútbol']
78,2647,40.49452475361937,-3.694665369930073,"['Bolos', 'Fútbol', 'Petanca']"
79,2275,40.45120159850761,-3.5844180853262886,"['Baloncesto', 'Fútbol', 'Fútbol sala', 'Tenis', 'Tenis de mesa']"
80,2276,40.44135712495445,-3.6481826411853,"['Baloncesto', 'Fútbol', 'Fútbol sala', 'Patinaje']"
81,2157,40.37487463533173,-3.739061311753124,['Baloncesto']
82,2277,40.43729691048299,-3.666690201277176,"['Baloncesto', 'Balonmano', 'Fútbol', 'Fútbol sala', 'Tenis', 'Tenis de mesa']"
83,2278,40.48183793645468,-3.666587942769085,['Baloncesto']
84,2279,40.39944882958802,-3.6282662898026574,"['Fútbol', 'Fútbol sala']"
85,2280,40.51667296021272,-3.773795776219611,"['Baloncesto', 'Fútbol']"
86,2281,40.46902347728972,-3.662533119132141,[]
87,2158,40.4758640417365,-3.6755842361694255,[]
88,2282,40.45272561748863,-3.7796095540530086,['Fútbol']
89,2283,40.39173622231404,-3.638534214819895,['Fútbol']
90,2284,40.46246051111333,-3.641472895181452,['Chito']
91,2285,40.48107021761235,-3.671594589647619,['Baloncesto']
92,2286,40.38117601531834,-3.731343103155248,[]
93,2287,40.3879590752267,-3.732889210629677,['Fútbol']
94,2288,40.39949108577098,-3.732825709268183,['Fútbol']
95,2289,40.41154005341027,-3.642828451015245,['Fútbol']
96,2290,40.36720552010195,-3.71208812822708,['Fútbol']
97,2291,40.44098424268766,-3.6520112027455554,"['Fútbol', 'Fútbol sala']"
98,2292,40.46854356477104,-3.6486680716819206,"['Fútbol', 'Fútbol sala']"
99,2293,40.42766744656451,-3.6076270875712217,"['Baloncesto', 'Fútbol', 'Fútbol sala']"
100,2294,40.39214336748665,-3.649301187158133,['Tenis']
101,2295,40.41206030334087,-3.651284078326445,['Baloncesto']
102,2296,40.396642453268775,-3.721647689712961,[]
103,2159,40.45830944403495,-3.655141029725419,"['Fútbol', 'Fútbol sala']"
104,2297,40.47430169221348,-3.6595649567170168,['Petanca']
105,2298,40.4184340515621,-3.736143042995308,['Baloncesto']
106,2299,40.41867020566187,-3.730157679235435,['Fútbol']
107,2300,40.42111772146607,-3.737716485663515,['Fútbol']
108,2301,40.42663911970955,-3.735065416489925,['Fútbol']
109,2302,40.43184675866799,-3.739236682144013,['Fútbol']
110,2303,40.40897549865364,-3.6140942577626016,[]
111,2304,40.40695673994099,-3.704292111506432,['Baloncesto']
112,2305,40.40251081513204,-3.749427401089634,"['Fútbol', 'Tenis', 'Tenis de mesa']"
113,2306,40.3758356486892,-3.6659340772744127,['Baloncesto']
114,2307,40.42041280188907,-3.6332470504462986,"['Fútbol', 'Fútbol sala']"
115,2308,40.37975674670092,-3.716284060235098,"['Baloncesto', 'Balonmano', 'Bolos', 'Petanca']"
116,2309,40.379694900594856,-3.6521267878318,['Fútbol']
117,2310,40.396646655094365,-3.671603413540554,"['Baloncesto', 'Bolos', 'Patinaje', 'Petanca', 'Tenis', 'Tenis de mesa']"
118,2160,40.4152672609971,-3.688643512378128,[]
119,2161,40.42045376372811,-3.733041347187696,[]
120,2311,40.44951110145051,-3.594391876070514,[]
121,2312,40.448330002444166,-3.5945701505778493,['Petanca']
122,2313,40.44455842139296,-3.593947323119205,[]
123,2314,40.35283994612291,-3.698205911976654,"['Baloncesto', 'Patinaje']"
124,2315,40.44656763308464,-3.668173275110258,['Fútbol']
125,2316,40.45949540975727,-3.6427781663423575,"['Bolos', 'Petanca']"
126,2317,40.45064086472342,-3.617909238515176,"['Bolos', 'Petanca']"
127,2319,40.42244010701552,-3.6494391609819576,['Fútbol']
128,2320,40.40067337688741,-3.676298173141196,"['Baloncesto', 'Patinaje', 'Tenis', 'Tenis de mesa']"
129,2321,40.457759787152014,-3.669215880508611,['Patinaje']
130,2322,40.35456935043359,-3.699754645665144,"['Fútbol', 'Fútbol sala']"
131,2323,40.33393325295466,-3.6931253996834856,"['Patinaje', 'Tenis']"
132,2324,40.34108883895775,-3.6897253636919576,[]
133,2325,40.39053322411197,-3.660146864620817,['Patinaje']
134,2326,40.3996321152037,-3.656701126130349,"['Baloncesto', 'Fútbol', 'Fútbol sala', 'Tenis', 'Tenis de mesa']"
135,2327,40.39717971610274,-3.75185460918738,"['Baloncesto', 'Fútbol', 'Tenis', 'Tenis de mesa']"
136,2329,40.42890457185098,-3.710390334447589,"['Bolos', 'Chito', 'Fútbol', 'Fútbol sala', 'Petanca']"
137,2330,40.44505998039654,-3.652958563116748,"['BMX', 'Baloncesto', 'Fútbol', 'Fútbol sala']"
138,2331,40.39990644210208,-3.618584055837224,['Baloncesto']
139,2896,40.40930182229157,-3.608605091516184,"['Tenis', 'Tenis de mesa']"
140,2334,40.40940474947577,-3.6588602502598873,"['Baloncesto', 'Fútbol', 'Fútbol sala']"
141,2335,40.47940888739177,-3.658140197005035,['Calistenia']
142,2336,40.46604984112732,-3.710592353303046,"['Baloncesto', 'Tenis', 'Tenis de mesa']"
143,2337,40.48013725057699,-3.635430388203537,['Baloncesto']
144,2338,40.48087402947953,-3.634569927305306,[]
145,2339,40.48884298191689,-3.698554678566628,['Baloncesto']
146,2340,40.37680339682996,-3.701886974455944,"['Calistenia', 'Fútbol']"
147,2341,40.37918609042024,-3.795324391950351,"['Fútbol', 'Fútbol sala', 'Petanca']"
148,2342,40.45721870340052,-3.5845999549053547,"['Baloncesto', 'Fútbol']"
149,2343,40.435515856536526,-3.6374563613179753,['Baloncesto']
150,2344,40.40233909331515,-3.7080621422210975,['Baloncesto']
151,2345,40.46425775938073,-3.668784966011135,['Hockey']
152,2346,40.44166603700321,-3.679114249778397,['Patinaje']
153,2347,40.39720166030288,-3.63557478412475,"['Baloncesto', 'Fútbol', 'Fútbol sala']"
154,2348,40.40148296368549,-3.651406031292048,"['Fútbol', 'Fútbol sala']"
155,2349,40.46714774021119,-3.6618563692082393,"['Fútbol', 'Fútbol sala']"
156,2350,40.45430519267116,-3.599375619694702,['Fútbol']
157,2351,40.45424612279451,-3.600342165562562,"['Baloncesto', 'Balonmano', 'Fútbol', 'Fútbol sala', 'Voleibol']"
158,2352,40.34894700358768,-3.693879611293337,[]
159,2353,40.361575517254266,-3.6927606788274527,['Patinaje']
160,2354,40.36157241219842,-3.693278850156952,"['Fútbol', 'Fútbol sala']"
161,2355,40.42589471749026,-3.731697578357141,[]
162,2356,40.46725432234968,-3.6309383657037775,"['Baloncesto', 'Tenis', 'Tenis de mesa']"
163,2357,40.39227761286618,-3.706318951771014,"['Baloncesto', 'Calistenia', 'Patinaje']"
164,2358,40.41031893017073,-3.632280273004103,"['Baloncesto', 'Fútbol', 'Fútbol sala']"
165,2359,40.38140237449108,-3.6298348671059406,[]
166,2360,40.44127421398117,-3.6189277132249833,"['Baloncesto', 'Chito', 'Tenis', 'Tenis de mesa']"
167,2162,40.39487669248672,-3.686126235234665,[]
168,2361,40.39352590492843,-3.6801309337036407,['Baloncesto']
169,2362,40.44229135833031,-3.608914308760063,"['Baloncesto', 'Chito', 'Fútbol', 'Fútbol sala', 'Petanca']"
170,2363,40.45993986921884,-3.642319354553547,"['Fútbol', 'Fútbol sala']"
171,2364,40.45908220260012,-3.643098932325283,[]
172,2365,40.45211512813871,-3.78329373903864,"['Fútbol', 'Fútbol sala']"
173,2366,40.345660999492566,-3.675218553605332,['Patinaje']
174,2367,40.469514561623285,-3.6490195041524114,[]
175,2368,40.44749880003797,-3.5915203945028886,['Fútbol']
176,2369,40.42997423940213,-3.667961859746943,"['Bolos', 'Chito', 'Petanca', 'Tenis', 'Tenis de mesa']"
177,2370,40.38325838287727,-3.70058158190502,[]
178,2371,40.47935162025493,-3.719158405265364,"['Chito', 'Patinaje', 'Petanca']"
179,2372,40.39051190105737,-3.669975407440883,"['Baloncesto', 'Fútbol', 'Fútbol sala', 'Tenis', 'Tenis de mesa']"
180,2163,40.42538917827494,-3.7244983193890495,['Fútbol']
181,2373,40.37064655641207,-3.712229879684724,[]
182,2374,40.376095950252086,-3.692932350392072,[]
183,2375,40.36990586456809,-3.6872392651660495,[]
184,2376,40.451690390542296,-3.711021047869016,[]
185,2377,40.37992590963709,-3.7180064038885896,[]
186,2378,40.379273217545474,-3.606412694549229,['Patinaje']
187,2379,40.3825571125298,-3.781874842527356,['Baloncesto']
188,2164,40.38109378379431,-3.764940826398506,['Baloncesto']
189,2380,40.41468322986084,-3.659006026996469,"['Fútbol', 'Fútbol sala']"
190,2381,40.45591483433643,-3.585897770294804,['Baloncesto']
191,2382,40.38011667026133,-3.7790546404419656,"['Chito', 'Patinaje', 'Petanca']"
192,2383,40.37937988549198,-3.767909548811197,[]
193,2384,40.4671739676516,-3.6645674105696378,[]
194,2169,40.41246022343046,-3.714538784977571,"['Tenis', 'Tenis de mesa']"
195,2385,40.4647876018932,-3.6596724032712897,"['Calva', 'Patinaje']"
196,2386,40.42048481589473,-3.618277425225656,['Fútbol']
197,2387,40.38569029812835,-3.662458124992885,"['Baloncesto', 'Fútbol', 'Fútbol sala', 'Voleibol']"
198,2388,40.40695911649336,-3.6611698838232094,['Fútbol']
199,2389,40.38821661890276,-3.72057984361246,[]
200,2390,40.47505435038131,-3.642315547728054,['Baloncesto']
201,2170,40.39727663517988,-3.7659134453115457,['Petanca']
202,2391,40.38336275152153,-3.667713277656222,['Baloncesto']
203,2392,40.3703691110204,-3.747622431727254,[]
204,2393,40.47680954600072,-3.720853707202184,"['Baloncesto', 'Fútbol']"
205,2394,40.40279748246847,-3.724235302224272,[]
206,2395,40.395564824892936,-3.716746133835096,"['Baloncesto', 'Fútbol', 'Fútbol sala', 'Patinaje', 'Tenis', 'Tenis de mesa']"
207,2171,40.40293756394919,-3.744730107197148,"['Chito', 'Patinaje']"
208,2172,40.385197861740814,-3.761902410218776,"['Baloncesto', 'Fútbol', 'Fútbol sala']"
209,2396,40.39252376178335,-3.74182286496722,['Patinaje']
210,2397,40.47216617986823,-3.638781934703648,"['Baloncesto', 'Bolos', 'Chito', 'Petanca', 'Tenis', 'Tenis de mesa']"
211,2398,40.40224012314781,-3.694673997707994,"['Bolos', 'Petanca']"
212,2399,40.45957494865393,-3.585736377839529,['Calistenia']
213,2400,40.40021085294591,-3.708405149944905,"['Patinaje', 'Tenis']"
214,2401,40.45739950911607,-3.653455421613813,['Baloncesto']
215,2402,40.47862144632099,-3.6666387122877055,[]
216,2403,40.40922156877915,-3.671905186964673,"['Baloncesto', 'Fútbol', 'Fútbol sala']"
217,2404,40.39550954906577,-3.6481442409812352,"['Baloncesto', 'Fútbol', 'Fútbol sala']"
218,2405,40.45993921141184,-3.593481240325868,"['Baloncesto', 'Voleibol']"
219,2406,40.3805444480093,-3.664316183074008,"['Atletismo', 'Fútbol']"
220,2407,40.46697124729341,-3.596008451250797,['Fútbol']
221,2173,40.37780868617553,-3.768531953881764,['Patinaje']
222,2408,40.411890813674326,-3.646167263941804,['Baloncesto']
223,2409,40.46196292860933,-3.626961163143098,"['Fútbol', 'Fútbol sala']"
224,2410,40.39848428796214,-3.686975938494456,"['Fútbol', 'Tenis', 'Tenis de mesa']"
225,2174,40.39617174301425,-3.692549535759442,['Baloncesto']
226,2411,40.39866543915771,-3.719406801437597,['Baloncesto']
227,2412,40.4721901295831,-3.719058403445219,"['Fútbol', 'Fútbol sala', 'Tenis', 'Tenis de mesa']"
228,2413,40.39095814922708,-3.70404293417357,['Fútbol']
229,2414,40.45324709621828,-3.791691917222304,"['Fútbol', 'Fútbol sala']"
230,2415,40.3906112368466,-3.658959835961348,['Tenis']
231,2416,40.3806576674271,-3.698610830055276,"['Tenis', 'Tenis de mesa']"
232,2417,40.48996671214207,-3.7143866142884456,[]
233,2418,40.36727724832333,-3.689921583041418,"['Fútbol', 'Fútbol sala']"
234,2175,40.48903405047351,-3.641820720294248,[]
235,2420,40.42658241694823,-3.606662437467681,[]
236,2169,40.41246022343046,-3.714538784977571,"['Fútbol', 'Fútbol sala']"
237,2421,40.405822647416606,-3.629115151051316,"['Baloncesto', 'Fútbol', 'Padel', 'Voleibol']"
238,2422,40.36596587926967,-3.762461273109024,"['Baloncesto', 'Patinaje', 'Petanca']"
239,2176,40.37450207612977,-3.6633079961864072,"['Baloncesto', 'Fútbol']"
240,2423,40.40579744690797,-3.7285454246920935,"['Baloncesto', 'Fútbol', 'Fútbol sala', 'Tenis']"
241,2424,40.39746568039038,-3.743856743935349,"['Baloncesto', 'Fútbol', 'Fútbol sala', 'Tenis', 'Tenis de mesa', 'Voleibol']"
242,2425,40.46090530019893,-3.627454138352421,"['Calistenia', 'Tenis']"
243,2426,40.360499290126505,-3.764896432162963,['Baloncesto']
244,2427,40.36210281029443,-3.763548377327485,"['Fútbol', 'Fútbol sala']"
245,2177,40.36018168641368,-3.762513874140488,"['Chito', 'Petanca']"
246,2178,40.37350468781611,-3.7377388304920633,"['Baloncesto', 'Fútbol', 'Fútbol sala', 'Patinaje']"
247,2428,40.35175390495651,-3.677834634453844,['Baloncesto']
248,2179,40.439035523688,-3.6095923854429737,['Fútbol']
249,2429,40.473376533828,-3.6511329371430814,"['Baloncesto', 'Fútbol', 'Fútbol sala', 'Patinaje']"
250,2430,40.4013474319257,-3.6703892095738806,['Baloncesto']
251,2431,40.40823993397687,-3.6302454961405033,"['Fútbol', 'Fútbol sala']"
252,2432,40.46090954739925,-3.6313861722687983,"['Fútbol', 'Fútbol sala']"
253,2433,40.50932926920616,-3.677183246701732,"['Baloncesto', 'Fútbol', 'Hockey']"
254,2434,40.38353838821057,-3.657500728121157,['Tenis']
255,2180,40.44315431642945,-3.647398076003828,['Baloncesto']
256,2435,40.47408401293854,-3.638977064178449,"['Fútbol', 'Fútbol sala']"
257,2436,40.47319613951648,-3.641504969656448,['Patinaje']
258,2437,40.36926754309533,-3.6975509077822384,['Balonmano']
259,2438,40.37561971602255,-3.703376726464257,['Fútbol']
260,2440,40.40890578131284,-3.6402341225344186,"['Baloncesto', 'Chito', 'Fútbol', 'Fútbol sala', 'Tenis', 'Tenis de mesa']"
261,2441,40.4781907268689,-3.631028940050612,[]
262,2181,40.37304552875526,-3.7572050357095375,[]
263,2182,40.379458518215856,-3.72654167038949,"['Calva', 'Chito', 'Petanca']"
264,2442,40.38993834608832,-3.702854085952854,"['Baloncesto', 'Tenis', 'Tenis de mesa']"
265,2443,40.37541212545376,-3.7151896535378657,"['Tenis', 'Tenis de mesa']"
266,2183,40.42900772144501,-3.6182140003992127,[]
267,2444,40.39285448180102,-3.7223142167649614,[]
268,2445,40.47423740722562,-3.727338140512541,"['Fútbol', 'Fútbol sala']"
269,2447,40.388508655777855,-3.635010469489507,"['Baloncesto', 'Fútbol', 'Fútbol sala']"
270,2448,40.46287029502265,-3.63217498812228,['Baloncesto']
271,2449,40.46193413382862,-3.632148755414652,"['Bolos', 'Chito', 'Petanca']"
272,2184,40.434344810420576,-3.622554460244901,"['Baloncesto', 'Fútbol', 'Fútbol sala']"
273,2450,40.46831590638329,-3.636138538132129,['Baloncesto']
274,2451,40.48749191925204,-3.72696204399105,"['Baloncesto', 'Balonmano', 'Bolos', 'Fútbol', 'Petanca', 'Padel', 'Tenis', 'Tenis de mesa']"
275,2452,40.49489198180427,-3.711889917152989,['Baloncesto']
276,2453,40.39048711965757,-3.6941878490165,"['Bolos', 'Petanca']"
277,2454,40.478823680515,-3.70542012801282,"['Balonmano', 'Fútbol', 'Fútbol sala']"
278,2455,40.4754249166852,-3.656909774001053,['Patinaje']
279,2456,40.46443633174865,-3.637175309306409,"['Chito', 'Patinaje']"
280,2457,40.500438927851775,-3.700512809058562,"['Baloncesto', 'Fútbol', 'Fútbol sala']"
281,2458,40.50184008646731,-3.6969247603864392,[]
282,2459,40.46223975914155,-3.719777931388968,['Baloncesto']
283,2460,40.46928001670359,-3.63118145043629,['Fútbol']
284,2461,40.44448358264842,-3.615148388183279,[]
285,2462,40.37746079137422,-3.653695563861612,"['Baloncesto', 'Voleibol']"
286,2463,40.472636002948775,-3.585807144623962,['Baloncesto']
287,2464,40.41119640568488,-3.712232920009733,[]
288,2465,40.35262335736215,-3.69377598291594,['Patinaje']
289,2185,40.37450904700692,-3.728526373827137,['Fútbol']
290,2466,40.36548482367132,-3.70183444457642,"['Baloncesto', 'Tenis', 'Tenis de mesa']"
291,2467,40.47625087283375,-3.579998848197848,"['Fútbol', 'Fútbol sala']"
292,2468,40.37554983576344,-3.770874016639184,"['Baloncesto', 'Fútbol', 'Fútbol sala', 'Tenis', 'Tenis de mesa']"
293,2469,40.36828992969283,-3.7159977494418186,"['Bolos', 'Petanca']"
294,2470,40.39647249197412,-3.7127376145987054,[]
295,2471,40.42725047921714,-3.6495207954387694,['Patinaje']
296,2472,40.38063517341089,-3.711168779281528,['Balonmano']
297,2473,40.38907128615593,-3.712046913231344,"['Fútbol', 'Fútbol sala']"
298,2474,40.483568695572096,-3.7247841639257406,['Baloncesto']
299,2475,40.41221418658154,-3.7238765894181416,"['Fútbol', 'Fútbol sala']"
300,2477,40.44961759191476,-3.6641939594197392,['Fútbol']
301,2478,40.4564696428582,-3.6862384384972176,[]
302,2479,40.37796856619296,-3.659660675353348,['Fútbol']
303,2480,40.40327621720137,-3.668687789801956,"['Baloncesto', 'Chito', 'Fútbol', 'Tenis', 'Tenis de mesa']"
304,2481,40.470138614017166,-3.638880685402964,['Chito']
305,2482,40.39675520974048,-3.757541291696218,"['Baloncesto', 'Bolos', 'Chito', 'Fútbol', 'Fútbol sala', 'Petanca', 'Tenis', 'Tenis de mesa']"
306,2768,40.49284296962057,-3.7169069720385446,['Baloncesto']
307,2484,40.451500510488586,-3.772885180717082,"['Baloncesto', 'Fútbol', 'Fútbol sala', 'Tenis', 'Tenis de mesa']"
308,2485,40.39882092157157,-3.76670867691338,"['Baloncesto', 'Petanca']"
309,2486,40.43714103865148,-3.660887719467943,"['Baloncesto', 'Fútbol', 'Fútbol sala', 'Tenis', 'Tenis de mesa']"
310,2487,40.38610150059709,-3.7692152839405386,"['Fútbol', 'Fútbol sala']"
311,2488,40.40646058007316,-3.7291064770611655,['Patinaje']
312,2790,40.462882951414265,-3.665044100462656,['Baloncesto']
313,2186,40.39490618723927,-3.748188333818695,"['Chito', 'Fútbol', 'Patinaje', 'Petanca']"
314,2490,40.38168820146643,-3.602327770076511,"['Chito', 'Fútbol', 'Patinaje', 'Petanca']"
315,2784,40.40969329689759,-3.618025439807104,"['Baloncesto', 'Fútbol']"
316,2492,40.40636372950178,-3.654976847656905,['Baloncesto']
317,2493,40.412165904142334,-3.656506372334948,"['Fútbol', 'Fútbol sala']"
318,2494,40.4121646993816,-3.6567185117699,['Baloncesto']
319,2495,40.478288972462366,-3.655462973049023,['Fútbol']
320,2496,40.47600256074518,-3.6551340067790528,['Baloncesto']
321,2497,40.47645416086136,-3.656518693476812,"['Tenis', 'Tenis de mesa']"
322,2498,40.43628667197228,-3.6526968257803736,['Baloncesto']
323,2499,40.37401825584634,-3.692570044259999,"['Baloncesto', 'Tenis', 'Tenis de mesa']"
324,2500,40.378270955401405,-3.754424500702019,"['Baloncesto', 'Fútbol', 'Fútbol sala']"
325,2867,40.48446752254184,-3.7336783173806616,['Baloncesto']
326,2187,40.38272961974866,-3.769589261985271,['Baloncesto']
327,2502,40.475722025270905,-3.646658003339625,"['Bolos', 'Chito', 'Petanca']"
328,2503,40.346421062891125,-3.713682325360813,"['Baloncesto', 'Patinaje']"
329,2504,40.45716098978023,-3.61980435885098,[]
330,2505,40.38641877802191,-3.672043768859728,"['Baloncesto', 'Bolos', 'Fútbol', 'Fútbol sala', 'Petanca', 'Tenis', 'Tenis de mesa']"
331,2506,40.38674988171695,-3.643730589868837,['Baloncesto']
332,2507,40.383292552889394,-3.661115147599702,['Patinaje']
333,2508,40.4763846537385,-3.662136650219088,"['Calva', 'Patinaje', 'Tenis', 'Tenis de mesa']"
334,2572,40.43223738609814,-3.6597904281119016,['Baloncesto']
335,2510,40.396326219173055,-3.6462456332666418,"['Bolos', 'Petanca']"
336,2440,40.40890578131284,-3.6402341225344186,"['Baloncesto', 'Fútbol']"
337,2511,40.40690193406255,-3.639269372044273,['Baloncesto']
338,2819,40.3673502443602,-3.7076605178679096,"['Baloncesto', 'Bolos', 'Patinaje', 'Petanca', 'Tenis', 'Tenis de mesa']"
339,2546,40.50393528202896,-3.660586880454314,['Baloncesto']
340,2514,40.38493457007619,-3.7122978851036135,"['Bolos', 'Petanca']"
341,2515,40.34867826813893,-3.7158020843006376,"['Baloncesto', 'Chito', 'Fútbol', 'Fútbol sala', 'Petanca']"
342,2516,40.37288270329375,-3.7357480665124942,['Baloncesto']
343,2517,40.3829832522616,-3.764277727141666,['Patinaje']
344,2231,40.43147962796436,-3.62093644615012,['Chito']
345,2518,40.362851102048886,-3.697873422713208,"['Fútbol', 'Fútbol sala']"
346,2519,40.479644201807766,-3.648385573479989,['Baloncesto']
347,2520,40.40436959754291,-3.744793029127447,"['Bolos', 'Patinaje', 'Petanca']"
348,2521,40.485480168010525,-3.702646262123085,[]
349,2837,40.439387584092685,-3.65714841286524,['Baloncesto']
350,2522,40.41028156820145,-3.645562579322765,"['Patinaje', 'Tenis', 'Tenis de mesa']"
351,2523,40.41761845138696,-3.720185155062114,[]
352,2524,40.44984679168731,-3.674402493679145,"['Baloncesto', 'Chito', 'Fútbol']"
353,2525,40.39308760343943,-3.715247014237789,"['Baloncesto', 'Bolos', 'Fútbol', 'Fútbol sala', 'Petanca', 'Tenis', 'Tenis de mesa']"
354,2526,40.41604342375633,-3.662189960446734,"['Baloncesto', 'Fútbol', 'Fútbol sala']"
355,2527,40.41909788049616,-3.665261052668208,[]
356,2528,40.39630479229722,-3.729515382797533,"['Balonmano', 'Fútbol']"
357,2529,40.396901588702576,-3.7305941211312255,['Baloncesto']
358,2756,40.3933877847248,-3.698565632659468,['Patinaje']
359,2531,40.46658460115245,-3.629846894727888,"['Tenis', 'Tenis de mesa']"
360,2532,40.47439527561677,-3.703285705513424,"['Baloncesto', 'Fútbol']"
361,2533,40.40963177567964,-3.713877154857581,"['Baloncesto', 'Tenis', 'Tenis de mesa']"
362,2534,40.47345238657359,-3.695336575110429,"['Baloncesto', 'Bolos', 'Fútbol', 'Fútbol sala', 'Patinaje', 'Petanca']"
363,2535,40.37699575251428,-3.7537977166449226,"['Baloncesto', 'Balonmano', 'Fútbol']"
364,2536,40.37720878002907,-3.7625290993275855,"['Fútbol', 'Fútbol sala', 'Tenis', 'Tenis de mesa']"
365,2537,40.38268060798509,-3.7633919044762303,"['Fútbol', 'Fútbol sala', 'Tenis', 'Tenis de mesa']"
366,2538,40.430092287929895,-3.723207635665132,['Baloncesto']
367,2540,40.48459542261755,-3.72483060450493,"['Fútbol', 'Fútbol sala', 'Patinaje']"
368,2541,40.4080356871113,-3.602653807821838,[]
369,2189,40.36130109566346,-3.7594290655278826,['Patinaje']
370,2318,40.45063098748498,-3.617916808553848,"['Baloncesto', 'Fútbol', 'Fútbol sala']"
371,2190,40.3763711378577,-3.74031455284556,['Baloncesto']
372,2542,40.42042743288963,-3.653286144553088,['Patinaje']
373,2543,40.45067715296623,-3.591878464060468,"['Fútbol', 'Fútbol sala']"
374,2544,40.45764922875292,-3.716226091186498,['Baloncesto']
375,2545,40.46441766170416,-3.720521169144801,[]
376,2546,40.50393528202896,-3.660586880454314,[]
377,2446,40.474228324656366,-3.7273498394981854,['Fútbol']
378,2823,40.483895554775785,-3.684471539316277,"['Baloncesto', 'Fútbol']"
379,2548,40.49398709862307,-3.712613875660898,"['Bolos', 'Petanca']"
380,2244,40.403438145048085,-3.640076254498283,"['Hockey', 'Patinaje']"
381,2420,40.42658241694823,-3.606662437467681,['Patinaje']
382,2656,40.47876758357458,-3.7086993281311904,"['Chito', 'Petanca']"
383,2551,40.49892401860584,-3.687244155098763,['Petanca']
384,2552,40.50051587389093,-3.675482387492565,['Petanca']
385,2553,40.46913760683904,-3.7115353164247873,[]
386,2554,40.45444788431354,-3.703537628987032,['Petanca']
387,2555,40.37150107432453,-3.709517912115378,[]
388,2556,40.47482151403539,-3.592469353688286,"['Baloncesto', 'Bolos', 'Calistenia', 'Chito', 'Patinaje', 'Petanca']"
389,2169,40.41246022343046,-3.714538784977571,"['Tenis', 'Tenis de mesa']"
390,2557,40.35259550841902,-3.692409706865038,"['Baloncesto', 'Patinaje']"
391,2559,40.477264048276304,-3.70791408832815,[]
392,2560,40.37123807139888,-3.712730825889534,"['Tenis', 'Tenis de mesa']"
393,2561,40.39112392741988,-3.7049283470996777,"['Baloncesto', 'Bolos', 'Petanca']"
394,2562,40.47753278561133,-3.706471117652205,['Baloncesto']
395,2191,40.43086574120876,-3.655438508692452,['Baloncesto']
396,2169,40.41246022343046,-3.714538784977571,[]
397,2563,40.37003619714949,-3.716240027654892,['Patinaje']
398,2564,40.43187659610899,-3.634109110520359,"['Baloncesto', 'Fútbol', 'Fútbol sala']"
399,2169,40.41246022343046,-3.714538784977571,['Patinaje']
400,2565,40.42474106519291,-3.620898051733735,[]
401,2566,40.40875051210095,-3.683108580090566,"['Baloncesto', 'Calistenia', 'Hockey', 'Patinaje', 'Voleibol']"
402,2477,40.44961759191476,-3.6641939594197392,"['Fútbol', 'Fútbol sala']"
403,2567,40.425863011303306,-3.602966146720566,"['Baloncesto', 'Fútbol', 'Fútbol sala']"
404,2568,40.4203329571052,-3.629721806497472,['Fútbol']
405,2570,40.4490802538165,-3.672985961911911,['Fútbol']
406,2571,40.44901182281747,-3.672360271279946,['Fútbol']
407,2192,40.43092216576642,-3.6389220332415686,"['Baloncesto', 'Fútbol', 'Fútbol sala']"
408,2572,40.43223738609814,-3.6597904281119016,[]
409,2573,40.37839345735447,-3.661454951618551,"['BMX', 'Baloncesto', 'Voleibol']"
410,2574,40.386263289686674,-3.653848524823011,[]
411,2575,40.38134838588081,-3.620134273150991,['Baloncesto']
412,2576,40.39446617270601,-3.663852045873069,['Baloncesto']
413,2577,40.45912717792007,-3.6742066744010815,['Baloncesto']
414,2578,40.36910755999512,-3.718984167252555,['Fútbol']
415,2579,40.38385291081796,-3.656054694044056,"['Fútbol', 'Fútbol sala']"
416,2580,40.38829590912064,-3.686825277248739,['Fútbol']
417,2581,40.38534920722133,-3.659085275095322,"['Fútbol', 'Fútbol sala', 'Tenis', 'Tenis de mesa']"
418,2582,40.50272219093648,-3.674088278900579,['Tenis']
419,2583,40.441749846959226,-3.624297141481054,"['Atletismo', 'Baloncesto']"
420,2584,40.44056376610166,-3.633660128447063,"['Baloncesto', 'Fútbol', 'Golf', 'Tenis']"
421,2585,40.39931615081684,-3.6894943693155353,"['Baloncesto', 'Patinaje']"
422,2540,40.48459542261755,-3.72483060450493,['Fútbol']
423,2586,40.39993169276006,-3.65170924804004,"['Baloncesto', 'Fútbol', 'Fútbol sala', 'Tenis', 'Tenis de mesa']"
424,2587,40.36813407300108,-3.69579530482948,"['Baloncesto', 'Calistenia']"
425,2588,40.42540456917053,-3.7265642881836016,"['Baloncesto', 'Fútbol', 'Fútbol sala']"
426,2589,40.38516507804954,-3.692142254888889,"['Fútbol', 'Fútbol sala']"
427,2590,40.469257743590006,-3.706257703543411,['Fútbol']
428,2591,40.46995417209459,-3.710836991177557,"['Baloncesto', 'Fútbol', 'Fútbol sala', 'Voleibol']"
429,2592,40.47406445678991,-3.687898995406082,"['Baloncesto', 'Bolos', 'Patinaje', 'Petanca', 'Tenis', 'Tenis de mesa']"
430,2593,40.3736230480929,-3.663164496710361,['Fútbol']
431,2594,40.46547349226097,-3.6688677974512,"['Fútbol', 'Fútbol sala']"
432,2595,40.385700278633216,-3.6555409212368497,['Baloncesto']
433,2596,40.34255142792559,-3.715902155501163,['Baloncesto']
434,2597,40.40467084433323,-3.7371479929917073,[]
435,2598,40.343480612836665,-3.6889961753443936,['Patinaje']
436,2599,40.33966893636725,-3.690641012544881,[]
437,2840,40.451304609076615,-3.655896497411837,[]
438,2600,40.42153891136008,-3.6510925758289545,['Baloncesto']
439,2601,40.43840494775814,-3.655676791131407,['Fútbol']
440,2602,40.42361742020711,-3.727099101124258,['Petanca']
441,2603,40.48926466818352,-3.6525692195472974,['Calistenia']
442,2604,40.48657421685518,-3.653608862541836,[]
443,2605,40.49316433760569,-3.6611026501926633,[]
444,2606,40.48869693430128,-3.645393006068992,[]
445,2607,40.40244721879577,-3.7564266531216193,['Fútbol']
446,2274,40.49451923627522,-3.694680766255544,"['Fútbol', 'Petanca']"
447,2608,40.49811073240421,-3.6936911073056353,"['Atletismo', 'Fútbol']"
448,2609,40.44378407690829,-3.6650091208692905,"['Baloncesto', 'Fútbol', 'Fútbol sala']"
449,2570,40.4490802538165,-3.672985961911911,['Fútbol']
450,2885,40.34832663162016,-3.692165872799477,"['Baloncesto', 'Petanca']"
451,2610,40.3793200408424,-3.742667573019971,['Fútbol']
452,2611,40.47677211929309,-3.641609789568702,[]
453,2612,40.50715972029972,-3.697498319643489,"['Baloncesto', 'Patinaje']"
454,2613,40.39882022766974,-3.755867569618557,"['Fútbol', 'Fútbol sala', 'Patinaje']"
455,2614,40.397645805419295,-3.757739811336285,['Calva']
456,2615,40.40514349396312,-3.660433235882449,[]
457,2616,40.39080361326829,-3.659099924430581,['Patinaje']
458,2617,40.46387990945949,-3.7211400901596057,"['Fútbol', 'Fútbol sala', 'Patinaje', 'Tenis', 'Tenis de mesa', 'Voleibol']"
459,2618,40.46124483748552,-3.5794097699469845,"['Baloncesto', 'Fútbol', 'Fútbol sala']"
460,2619,40.36591698103636,-3.71073138828298,[]
461,2620,40.44742577488327,-3.63909008577834,['Baloncesto']
462,2194,40.39473217663556,-3.728885688549131,['Baloncesto']
463,2195,40.453221291412646,-3.6610334457155886,['Baloncesto']
464,2621,40.49896370465188,-3.690880794731856,[]
465,2622,40.50049078129212,-3.6934087819699295,[]
466,2623,40.46705463815002,-3.639405862507256,['Baloncesto']
467,2624,40.467706247348325,-3.6356019707978606,['Patinaje']
468,2625,40.472578003657866,-3.658209520963392,['Fútbol']
469,2196,40.37554043596684,-3.734957451227099,[]
470,2626,40.38055163644936,-3.6158152393748777,"['Baloncesto', 'Fútbol', 'Fútbol sala']"
471,2627,40.45407070747356,-3.617972617050469,['Baloncesto']
472,2628,40.41116588362631,-3.642070586219434,['Fútbol']
473,2629,40.491562982872125,-3.609344241196309,[]
474,2333,40.40033980287463,-3.618411260519516,"['Baloncesto', 'Frontenis', 'Fútbol', 'Fútbol sala', 'Petanca', 'Padel', 'Tenis', 'Tenis de mesa']"
475,2630,40.39791145116776,-3.705800425076079,['Fútbol']
476,2631,40.40124935583484,-3.59792670621084,['Baloncesto']
477,2632,40.47081288448664,-3.721768680723159,"['Baloncesto', 'Fútbol', 'Fútbol sala', 'Tenis', 'Tenis de mesa']"
478,2633,40.47058975661767,-3.643627109650829,[]
479,2634,40.48387386747736,-3.73068678732996,['Fútbol']
480,2197,40.37843087041222,-3.773851914617546,"['Fútbol', 'Fútbol sala', 'Patinaje']"
481,2635,40.47131740905896,-3.7130564782441233,"['Fútbol', 'Fútbol sala', 'Tenis', 'Tenis de mesa']"
482,2636,40.37751706497499,-3.7286883543217897,"['Baloncesto', 'Fútbol', 'Hockey']"
483,2637,40.47152762204448,-3.654689432548898,"['Baloncesto', 'Tenis', 'Tenis de mesa']"
484,2638,40.36884826418275,-3.7145784474448007,[]
485,2639,40.34963625511252,-3.7079934408457023,"['Fútbol', 'Fútbol sala']"
486,2640,40.408549764339305,-3.668127133397626,['Baloncesto']
487,2641,40.4896891338737,-3.662689114816123,['Fútbol']
488,2198,40.43077285384415,-3.644721019010737,['Baloncesto']
489,2642,40.40060409154897,-3.712719914790534,['Chito']
490,2643,40.38257934400676,-3.6054546139177392,['Baloncesto']
491,2644,40.47758381895994,-3.7107514580551744,"['Baloncesto', 'Fútbol']"
492,2645,40.49063911016057,-3.694227756362352,"['Baloncesto', 'Fútbol']"
493,2646,40.48016602497203,-3.711297805142757,"['Bolos', 'Chito', 'Petanca']"
494,2647,40.49452475361937,-3.694665369930073,"['Baloncesto', 'Fútbol']"
495,2199,40.38826046424135,-3.697263762189049,[]
496,2746,40.38418473435094,-3.685817452497564,['Fútbol']
497,2756,40.3933877847248,-3.698565632659468,['Petanca']
498,2650,40.38577014172646,-3.696401590634661,['Baloncesto']
499,2651,40.37383457446904,-3.6826926059178593,['Fútbol']
500,2652,40.39522836906418,-3.707009644057296,['Tenis']
501,2653,40.42217047822115,-3.7244049640242287,['Padel']
502,2654,40.39927267070148,-3.718824070151145,['Escalada']
503,2655,40.487146568534655,-3.73286267010944,['Baloncesto']
504,2200,40.38527831238433,-3.764155221627044,['Patinaje']
505,2550,40.47903297218874,-3.708264188659831,['Petanca']
506,2656,40.47876758357458,-3.7086993281311904,"['Gimnasia', 'Natación']"
507,2657,40.42810291538114,-3.6737317205040494,['Natación']
508,2658,40.45212135012858,-3.783283203719198,"['Gimnasia', 'Natación', 'Tenis', 'Yoga']"
509,2659,40.382720517194784,-3.773653600881568,"['Artes marciales', 'Atletismo', 'Baloncesto', 'Caminar', 'Correr', 'Fútbol', 'Gimnasia', 'Hockey', 'Natación', 'Patinaje', 'Tenis', 'Tenis de mesa', 'Voleibol', 'Yoga']"
510,2660,40.39146194707861,-3.6598636029775866,"['Baloncesto', 'Gimnasia', 'Natación']"
511,2661,40.471254265861454,-3.6953256978963807,"['Baloncesto', 'Balonmano', 'Bádminton', 'Fútbol', 'Fútbol sala', 'Gimnasia', 'Natación', 'Yoga']"
512,2662,40.46301382809657,-3.587693324074623,"['Baloncesto', 'Bádminton', 'Caminar', 'Gimnasia', 'Natación', 'Tenis', 'Yoga']"
513,2663,40.38238220944523,-3.746452142917399,"['Fútbol', 'Gimnasia', 'Natación']"
514,2664,40.41612628789201,-3.733536573641621,"['Caminar', 'Ciclismo', 'Correr', 'Gimnasia', 'Natación', 'Waterpolo']"
515,2665,40.43857964605446,-3.706107413184514,"['Gimnasia', 'Natación']"
516,2666,40.40207279862862,-3.6955325387824014,"['Baloncesto', 'Gimnasia', 'Hockey', 'Natación', 'Voleibol']"
517,2667,40.38168570611539,-3.602336460953483,"['Baloncesto', 'Gimnasia', 'Natación', 'Tenis', 'Tenis de mesa']"
518,2668,40.46113349830694,-3.676208246061129,"['Baloncesto', 'Fútbol', 'Fútbol sala', 'Gimnasia', 'Natación', 'Yoga']"
519,2669,40.43725652047252,-3.6484498132292025,"['Atletismo', 'Baloncesto', 'Fútbol', 'Gimnasia', 'Natación', 'Patinaje', 'Tenis', 'Yoga']"
520,2670,40.40236990974131,-3.6772808932293217,"['Baloncesto', 'Gimnasia', 'Natación']"
521,2671,40.35634193991933,-3.686595141820635,"['Caminar', 'Gimnasia', 'Natación']"
522,2672,40.45357807068047,-3.713052902704858,['Yoga']
523,2673,40.378413212706285,-3.674532317137481,"['Caminar', 'Fútbol', 'Gimnasia', 'Natación', 'Tenis', 'Tenis de mesa', 'Voleibol']"
524,2674,40.42382670120857,-3.699010103263697,"['Gimnasia', 'Natación']"
525,2675,40.44965684114441,-3.597577201182505,"['Gimnasia', 'Natación', 'Waterpolo']"
526,2758,40.40418961057298,-3.622901144863193,"['Baloncesto', 'Fútbol', 'Gimnasia', 'Natación', 'Tenis', 'Voleibol']"
527,2677,40.46093540462317,-3.712191829928863,"['Baloncesto', 'Caminar', 'Gimnasia', 'Natación', 'Tenis']"
528,2678,40.36581776978113,-3.740893980533789,"['Baloncesto', 'Fútbol', 'Gimnasia', 'Hockey', 'Natación', 'Patinaje', 'Tenis', 'Voleibol']"
529,2679,40.42171956854877,-3.6652515154670167,"['Gimnasia', 'Natación', 'Yoga']"
530,2680,40.398465832065,-3.7353834506869217,"['Baloncesto', 'Balonmano', 'Fútbol', 'Gimnasia', 'Natación', 'Tenis']"
531,2681,40.437945289677,-3.674502029997267,"['Gimnasia', 'Natación', 'Tenis', 'Tenis de mesa']"
532,2682,40.4787279264401,-3.6527183525553006,"['Bádminton', 'Correr', 'Fútbol', 'Gimnasia', 'Natación', 'Tenis', 'Yoga']"
533,2683,40.43214955342785,-3.736964599283136,"['Baloncesto', 'Balonmano', 'Caminar', 'Natación', 'Tenis', 'Yoga']"
534,2884,40.42060649869604,-3.6324237307227616,"['Gimnasia', 'Natación', 'Waterpolo']"
535,2685,40.410546084176566,-3.70940146763504,"['Gimnasia', 'Natación']"
536,2686,40.41433123768487,-3.6559498758522833,"['Bolos', 'Bádminton', 'Béisbol', 'Fútbol', 'Petanca', 'Tenis']"
537,2687,40.48442599932086,-3.7144222564719858,"['Escalada', 'Fútbol', 'Gimnasia', 'Natación', 'Yoga']"
538,2688,40.379148937377394,-3.756554762411969,"['Baloncesto', 'Balonmano', 'Fútbol', 'Fútbol sala', 'Gimnasia', 'Natación', 'Tenis', 'Voleibol', 'Yoga']"
539,2689,40.453257453448046,-3.6186956428199855,[]
540,2690,40.464650948053816,-3.6275877145025817,"['Artes marciales', 'Fútbol', 'Gimnasia', 'Natación', 'Tenis', 'Tenis de mesa']"
541,2691,40.40914061858403,-3.603264732850392,"['Atletismo', 'Fútbol', 'Gimnasia', 'Hockey', 'Natación', 'Tenis', 'Yoga']"
542,2692,40.40761501410649,-3.7173807221939192,"['Bádminton', 'Fútbol', 'Gimnasia', 'Natación', 'Tenis', 'Voleibol']"
543,2693,40.39885854572339,-3.632432290214539,"['Artes marciales', 'Atletismo', 'Baloncesto', 'Fútbol', 'Fútbol sala', 'Gimnasia', 'Natación', 'Patinaje', 'Tenis']"
544,2694,40.38850290426967,-3.706303079808029,"['Natación', 'Waterpolo']"
545,2695,40.37558213858424,-3.71245854352948,"['Artes marciales', 'Atletismo', 'Baloncesto', 'Fútbol', 'Gimnasia', 'Natación', 'Tenis']"
546,2696,40.37021993373859,-3.699468900607744,"['Fútbol', 'Fútbol sala', 'Gimnasia', 'Natación', 'Tenis']"
547,2697,40.38260362230282,-3.6337151808372496,"['Atletismo', 'Baloncesto', 'Balonmano', 'Calistenia', 'Fútbol', 'Fútbol sala', 'Gimnasia', 'Natación', 'Tenis', 'Tenis de mesa', 'Voleibol']"
548,2698,40.476792184653526,-3.717566523014736,[]
549,2699,40.39865532340664,-3.704959759845779,[]
550,2700,40.34998997348078,-3.7178413073202856,"['Fútbol', 'Natación', 'Patinaje', 'Tenis']"
551,2701,40.4592763472204,-3.7021136988422567,"['Gimnasia', 'Natación']"
552,2702,40.44910622626739,-3.671618277009419,"['Bádminton', 'Fútbol', 'Gimnasia', 'Natación', 'Tenis']"
553,2703,40.43003240158625,-3.638536354805483,"['Gimnasia', 'Natación', 'Tenis', 'Tenis de mesa', 'Yoga']"
554,2704,40.34622002606704,-3.684337728806363,"['Entrenamiento en circuito', 'Fútbol', 'Fútbol sala', 'Gimnasia', 'Natación', 'Yoga']"
555,2705,40.42893383815444,-3.615229739080561,"['Artes marciales', 'Baloncesto', 'Fútbol', 'Fútbol sala', 'Gimnasia', 'Natación', 'Tenis', 'Tenis de mesa']"
556,2706,40.37530577421291,-3.692701024144295,[]
557,2707,40.44864976316054,-3.658571179746684,"['Caminar', 'Fútbol', 'Natación', 'Tenis']"
558,2708,40.49809469315447,-3.696358010199944,"['Tenis', 'Tenis de mesa']"
559,2709,40.46512519238624,-3.6928208378255807,[]
560,2710,40.390368919782446,-3.657213682860775,[]
561,2711,40.44064843863945,-3.709053489027435,"['Baloncesto', 'Boxeo', 'Bádminton', 'Fútbol', 'Fútbol sala', 'Gimnasia', 'Natación', 'Voleibol', 'Yoga']"
562,2712,40.4789135943213,-3.693540659747283,"['Artes marciales', 'Baloncesto', 'Fútbol', 'Gimnasia', 'Hockey', 'Natación', 'Patinaje', 'Tenis', 'Tenis de mesa', 'Waterpolo']"
563,2713,40.37242141806343,-3.657451562175517,"['Baloncesto', 'Fútbol', 'Fútbol sala', 'Gimnasia', 'Hockey', 'Natación', 'Patinaje', 'Padel', 'Tenis', 'Yoga']"
564,2714,40.43882337027629,-3.7426495421854256,"['Golf', 'Hockey', 'Patinaje', 'Tenis', 'Tenis de mesa']"
565,2715,40.43346186779773,-3.6785954778654113,[]
566,2716,40.41002249621306,-3.714419912786956,[]
567,2717,40.44613326792272,-3.698969929557834,[]
568,2718,40.41964087412762,-3.68793370943788,[]
569,2719,40.461517637696026,-3.675117900731762,[]
570,2720,40.410944943237865,-3.660501733743551,[]
571,2721,40.45257591499544,-3.6957817548357257,[]
572,2722,40.41991128710114,-3.713185308888602,[]
573,2723,40.45978849094378,-3.687352342212426,[]
574,2724,40.45870695300224,-3.693462556937938,[]
575,2725,40.44903638127448,-3.695615530710886,[]
576,2726,40.43137597367309,-3.7064685006782208,[]
577,2727,40.43285328749453,-3.697594475998512,[]
578,2728,40.43247362678542,-3.700785562182429,[]
579,2729,40.41835486065351,-3.712838830603048,[]
580,2730,40.42620255233654,-3.693446898367585,[]
581,2731,40.41476219795408,-3.71544111428354,[]
582,2732,40.45558642017734,-3.697027564909845,[]
583,2733,40.41281392212301,-3.7143597156687056,[]
584,2734,40.42640449792336,-3.700298174862196,[]
585,2735,40.42518540300912,-3.6887800207651495,[]
586,2736,40.45454215758879,-3.6893863385035774,[]
587,2737,40.4530917282714,-3.689383308286706,[]
588,2738,40.41341734909077,-3.711466649831885,[]
589,2739,40.37374599660716,-3.712180056298639,[]
590,2740,40.43304334055123,-3.712227582685096,[]
591,2741,40.402080397498985,-3.714965086287463,[]
592,2742,40.40148810908036,-3.713132255123738,[]
593,2743,40.41475767390192,-3.716171835785045,[]
594,2744,40.481785094079584,-3.660098332215654,[]
595,2745,40.41418990040181,-3.7118283820550775,[]
596,2746,40.38418473435094,-3.685817452497564,[]
597,2747,40.41631909566782,-3.712793771176405,[]
598,2748,40.37089825532696,-3.618365854832584,[]
599,2749,40.4390037057741,-3.690548165248536,[]
600,2750,40.3957812018463,-3.667034672467617,[]
601,2751,40.404491323444994,-3.721330823979868,[]
602,2752,40.42425096551599,-3.716531855540272,[]
603,2753,40.37740868500615,-3.620640036186304,[]
604,2754,40.39218269145896,-3.7056345651289417,[]
605,2755,40.45446361509569,-3.600096436030348,[]
606,2756,40.3933877847248,-3.698565632659468,[]
607,2757,40.47022952429582,-3.70387924539964,[]
608,2758,40.40418961057298,-3.622901144863193,[]
609,2759,40.47098300036034,-3.639325156722205,[]
610,2760,40.449252672650985,-3.713342088884312,[]
611,2761,40.39432035941884,-3.7592814565910553,[]
612,2762,40.38543450752234,-3.765190215590101,['Petanca']
613,2763,40.36716919688689,-3.7136655626692887,[]
614,2764,40.428652595625735,-3.659649292346212,[]
615,2765,40.41192841997151,-3.67583331713166,[]
616,2766,40.43847239256322,-3.608750153308992,[]
617,2767,40.39476596114844,-3.636164605181752,[]
618,2768,40.49284296962057,-3.7169069720385446,['Petanca']
619,2769,40.45451429342977,-3.7856220495572703,"['Baloncesto', 'Fútbol']"
620,2770,40.47343735166941,-3.7241915440169024,[]
621,2771,40.41214880704316,-3.735662031240937,[]
622,2772,40.39144717132174,-3.6545377410677498,[]
623,2773,40.43173953068984,-3.607628369908832,[]
624,2774,40.48390626699566,-3.687220746230517,[]
625,2775,40.452057731817305,-3.603648361419777,[]
626,2776,40.38339946706653,-3.643762543356842,[]
627,2777,40.4081704733386,-3.729395994595502,['Patinaje']
628,2778,40.393928614376,-3.744713323980896,[]
629,2779,40.47406043289477,-3.718181785566969,[]
630,2780,40.39701982315709,-3.655239797848888,[]
631,2781,40.45190771190827,-3.761757187185669,[]
632,2782,40.35285094988024,-3.6963807727286353,[]
633,2783,40.45019927443574,-3.768070614824996,[]
634,2784,40.40969329689759,-3.618025439807104,[]
635,2785,40.40930295868704,-3.616890442862423,[]
636,2786,40.41672706688541,-3.610853061814312,[]
637,2787,40.45817981904011,-3.720725311806482,[]
638,2788,40.4048457851104,-3.606231541415761,[]
639,2789,40.43555222953495,-3.6519351470803567,[]
640,2790,40.462882951414265,-3.665044100462656,[]
641,2791,40.35097040369239,-3.69448912432986,[]
642,2792,40.41438785232736,-3.7147888896558174,[]
643,2793,40.382311100280766,-3.7227552919050586,[]
644,2794,40.39210151448589,-3.681620654746187,[]
645,2795,40.36782603611024,-3.6670181171393055,[]
646,2796,40.37253969509114,-3.669809160205961,[]
647,2797,40.393429973468265,-3.618383391636273,[]
648,2798,40.37942623334737,-3.752717445398877,[]
649,2799,40.42985671996897,-3.668031432543624,[]
650,2800,40.41008304101258,-3.629714182785988,[]
651,2801,40.36073540960827,-3.717718673604328,[]
652,2802,40.48494412599755,-3.641451621738692,[]
653,2803,40.41022401774968,-3.60626801415248,[]
654,2804,40.45205238274073,-3.6653500732558792,[]
655,2805,40.38033890061462,-3.783498476616184,[]
656,2806,40.48024318499327,-3.650809942180937,[]
657,2807,40.34698009231551,-3.712145719392749,[]
658,2808,40.45999848510341,-3.614888870630359,[]
659,2809,40.45544764269407,-3.623539375307719,[]
660,2810,40.45424210617104,-3.679171627391412,[]
661,2811,40.45750725687833,-3.766455491041625,[]
662,2812,40.38556774381467,-3.67430914572838,[]
663,2813,40.39616431537003,-3.6261065047300303,[]
664,2814,40.38581882868559,-3.6363631773029352,[]
665,2815,40.379745,-3.690042,[]
666,2816,40.39815439895114,-3.7125359439695975,"['BMX', 'Baloncesto', 'Fútbol', 'Patinaje', 'Petanca', 'Padel', 'Tenis']"
667,2817,40.40882236801765,-3.643898652734279,[]
668,2818,40.398195733324194,-3.6701340560704026,[]
669,2819,40.3673502443602,-3.7076605178679096,[]
670,2820,40.394735491209424,-3.6856299107811368,[]
671,2821,40.47917989766592,-3.6330084507532687,[]
672,2822,40.48106787416528,-3.6933504628706095,[]
673,2823,40.483895554775785,-3.684471539316277,[]
674,2824,40.38439900273861,-3.712951996842945,[]
675,2825,40.455011305200735,-3.6743070613284736,['Baloncesto']
676,2826,40.385086008433305,-3.7398326701482016,[]
677,2827,40.38901086962944,-3.659969283280384,[]
678,2828,40.39900396358797,-3.703926416750334,[]
679,2829,40.418806485625446,-3.656346959235439,[]
680,2830,40.463441129364256,-3.6556488853143465,[]
681,2831,40.35277786522202,-3.6905392176697744,[]
682,2832,40.35239211569256,-3.691771736219469,[]
683,2833,40.42372251184839,-3.711657734050852,[]
684,2834,40.44245748722783,-3.6217095632137375,[]
685,2835,40.39932569185547,-3.6894842200951024,['Baloncesto']
686,2836,40.41641041087398,-3.662606100328213,[]
687,2837,40.439387584092685,-3.65714841286524,[]
688,2838,40.42996840999023,-3.622184001035289,[]
689,2839,40.43761436823094,-3.714586774303988,[]
690,2840,40.451304609076615,-3.655896497411837,[]
691,2841,40.42949627920971,-3.6617795915510434,[]
692,2842,40.38131130575197,-3.608459149580722,[]
693,2843,40.379040097900265,-3.742770522229555,[]
694,2844,40.36801139459264,-3.715877017285581,[]
695,2845,40.376563359161366,-3.675043967167776,[]
696,2846,40.38289158525453,-3.619641837988416,[]
697,2847,40.4027578376722,-3.617738099849234,[]
698,2848,40.48922371593969,-3.7237594350747134,"['Patinaje', 'Petanca']"
699,2849,40.37217516332789,-3.62384308326436,[]
700,2850,40.4049148503112,-3.636955454805149,[]
701,2851,40.35103021559652,-3.7010015933831006,[]
702,2852,40.45990434942118,-3.669142805075655,[]
703,2853,40.38903628994235,-3.6665321826830297,[]
704,2854,40.48559668319756,-3.7174080145343456,['Patinaje']
705,2855,40.425090271008656,-3.642721665241288,[]
706,2856,40.413971277014085,-3.715138075489171,[]
707,2857,40.45150372849227,-3.67606453550938,[]
708,2858,40.43714097124976,-3.660899509341831,[]
709,2859,40.44191186628217,-3.610832880429799,[]
710,2860,40.39191419121823,-3.7141505979369023,[]
711,2861,40.40687979108534,-3.660862691056585,[]
712,2862,40.43934359051524,-3.7043941647283263,[]
713,2863,40.45374298443811,-3.714179732136829,[]
714,2864,40.50021894773631,-3.686124420025077,[]
715,2865,40.49571829898632,-3.6915305267345935,[]
716,2866,40.48346692636297,-3.733773609896464,[]
717,2867,40.48446752254184,-3.7336783173806616,[]
718,2868,40.47361179787156,-3.646133317289789,[]
719,2869,40.45061998428592,-3.7136749543495617,[]
720,2870,40.37746689917427,-3.7547689345277977,['Petanca']
721,2871,40.41540866888321,-3.625727333816089,[]
722,2872,40.47665432002552,-3.662490150184719,[]
723,2873,40.38951896001857,-3.76740436374511,['Petanca']
724,2874,40.48185149371301,-3.732800354586844,[]
725,2875,40.44943999585466,-3.631585428108989,[]
726,2876,40.348762550258805,-3.715284870727623,[]
727,2877,40.37557617692429,-3.711963730232908,[]
728,2878,40.383406554321375,-3.763965593354009,['Patinaje']
729,2879,40.36434144869983,-3.757402071835875,['Petanca']
730,2880,40.39924815906885,-3.72849838691206,[]
731,2881,40.49738155071247,-3.6936009892949127,[]
732,2882,40.468674190501815,-3.631588640594873,[]
733,2883,40.47266915640937,-3.707125226601671,[]
734,2884,40.42060649869604,-3.6324237307227616,[]
735,2885,40.34832663162016,-3.692165872799477,[]
736,2886,40.42834456035844,-3.728941931668392,[]
737,2887,40.41472407139105,-3.7301857404819767,[]
738,2888,40.39998426244181,-3.7486569900905633,[]
739,2889,40.41220177650095,-3.628985975935673,[]
740,2890,40.34452019989438,-3.686887364713823,[]
741,2891,40.36791659504536,-3.628326750178021,[]
742,2892,40.40838172678723,-3.6156327652234856,[]
743,2893,40.42306560723444,-3.7168927333258734,[]
744,2894,40.48531189120052,-3.7006858825216624,[]
745,2895,40.47342193811745,-3.6929061067371793,[]
746,2896,40.40930182229157,-3.608605091516184,[]
747,2897,40.37342722778796,-3.732581210214349,[]
748,2898,40.44185168357492,-3.6610753472863737,[]
749,2899,40.39628076855188,-3.6893809207693966,[]
750,2900,40.46162113234909,-3.6281020785174873,[]
751,2901,40.422169759145554,-3.634854896175826,[]
752,2902,40.3904716361612,-3.6875778883164574,[]
753,2903,40.36119652692384,-3.6853017812008,['Petanca']
754,2904,40.41374876020892,-3.692493983073695,[]
755,2905,40.43179642724134,-3.728163489657703,[]
756,2906,40.5186002228516,-3.775378753356757,[]
757,2907,40.38619069883104,-3.605345456872275,[]
758,2908,40.4735113714068,-3.57805132010274,[]
759,2909,40.41290521872114,-3.692004931820884,[]
760,2910,40.41687551533723,-3.693416905777666,[]
761,2911,40.44338594570844,-3.618251375165413,[]
762,2912,40.42299730556785,-3.662521363003179,[]
763,2913,40.42633204176242,-3.722298777408928,[]
764,2914,40.409899256936335,-3.682330548795712,[]
765,2915,40.41984158690351,-3.7286969080235455,[]
766,2916,40.445355536117184,-3.7399742609916697,[]
767,2917,40.47726387147517,-3.743002516228519,[]
768,2918,40.582362517713584,-3.705431464326496,[]
